{
    "DB 1401.DBW 124": 0,
    "DB 1401.DBW 168": 0,
    "DB 1401.DBW 104": 0,
    "DB 1401.DBW 148": 0,
    "DB 1401.DBW 128": 18000,
    "DB 1401.DBW 172": 18000,
    "DB 1401.DBW 108": -2,
    "DB 1401.DBW 152": -2,
    "DB 1401.DBX 611.7": false,
    "DB 1401.DBX 803.3": false,
    "DB 1401.DBD 712": 3093.67041015625,
    "DB 1401.DBW 110": -2,
    "DB 1401.DBW 154": -2,
    "DB 1401.DBX 803.1": false,
    "DB 1409.DBD 60": 357.5390625,
    "DB 1410.DBD 60": 2.5927734375,
    "DB 1416.DBD 4": 0.0,
    "DB 1417.DBD 4": 0.0,
    "DB 1421.DBW 124": 0,
    "DB 1421.DBW 168": 0,
    "DB 1421.DBW 104": 0,
    "DB 1421.DBW 148": 0,
    "DB 1421.DBW 128": 18000,
    "DB 1421.DBW 172": 18000,
    "DB 1421.DBW 108": -2,
    "DB 1421.DBW 152": -2,
    "DB 1421.DBX 611.7": false,
    "DB 1421.DBX 803.3": false,
    "DB 1421.DBD 712": 3084.3896484375,
    "DB 1421.DBW 110": -2,
    "DB 1421.DBW 154": -2,
    "DB 1421.DBX 803.1": false,
    "DB 1429.DBD 60": 359.2529296875,
    "DB 1430.DBD 60": 3.1201171875,
    "DB 1436.DBD 4": 0.0,
    "DB 1437.DBD 4": 0.0,
    "DB 1441.DBW 124": 0,
    "DB 1441.DBW 168": 0,
    "DB 1441.DBW 104": 0,
    "DB 1441.DBW 148": 0,
    "DB 1441.DBW 128": 18000,
    "DB 1441.DBW 172": 18000,
    "DB 1441.DBW 108": -2,
    "DB 1441.DBW 152": -6,
    "DB 1441.DBX 611.7": false,
    "DB 1441.DBX 803.3": false,
    "DB 1441.DBD 712": 3094.01953125,
    "DB 1441.DBW 110": -2,
    "DB 1441.DBW 154": -7,
    "DB 1441.DBX 803.1": false,
    "DB 1449.DBD 60": 357.890625,
    "DB 1450.DBD 60": 357.36328125,
    "DB 1456.DBD 4": 0.0,
    "DB 1457.DBD 4": 0.0,
    "DB 1461.DBW 124": 0,
    "DB 1461.DBW 168": 0,
    "DB 1461.DBW 104": 0,
    "DB 1461.DBW 148": 0,
    "DB 1461.DBW 128": 18000,
    "DB 1461.DBW 172": 18000,
    "DB 1461.DBW 108": -2,
    "DB 1461.DBW 152": -2,
    "DB 1461.DBX 611.7": false,
    "DB 1461.DBX 803.3": false,
    "DB 1461.DBD 712": 3087.814208984375,
    "DB 1461.DBW 110": -2,
    "DB 1461.DBW 154": -2,
    "DB 1461.DBX 803.1": false,
    "DB 1469.DBD 60": 357.275390625,
    "DB 1470.DBD 60": 359.47265625,
    "DB 1476.DBD 4": 0.0,
    "DB 1477.DBD 4": 0.0,
    "DB 1201.DBD 676": 40509.0390625,
    "DB 1201.DBD 632": 0.0,
    "DB 1201.DBD 612": 180.0,
    "DB 1201.DBW 868": 0,
    "DB 1201.DBW 870": 0,
    "DB 1201.DBW 872": 0,
    "DB 1201.DBW 874": 0,
    "DB 1201.DBX 762.0": false,
    "DB 1201.DBX 762.3": false,
    "DB 1201.DBX 570.1": true,
    "DB 1201.DBX 570.2": false,
    "DB 1201.DBX 570.3": false,
    "DB 1201.DBX 570.4": false,
    "DB 1201.DBX 570.5": false,
    "DB 1201.DBD 708": 0.0057870373129844666,
    "DB 1201.DBD 728": 6.817130088806152,
    "DB 1201.DBX 570.7": false,
    "DB 1201.DBX 764.7": false,
    "DB 1201.DBW 104": 0,
    "DB 1201.DBW 124": 0,
    "DB 1201.DBX 938.1": true,
    "DB 1201.DBX 938.3": false,
    "DB 1221.DBD 676": 40509.0390625,
    "DB 1221.DBD 632": 0.0,
    "DB 1221.DBD 612": 180.0,
    "DB 1221.DBW 868": 0,
    "DB 1221.DBW 870": 0,
    "DB 1221.DBD 652": 0.0,
    "DB 1221.DBD 656": 0.0,
    "DB 1221.DBD 708": 0.0,
    "DB 1221.DBX 570.7": false,
    "DB 1221.DBX 764.7": false,
    "DB 1221.DBW 104": 0,
    "DB 1221.DBW 124": 0,
    "DB 1221.DBX 938.1": true,
    "DB 1221.DBX 938.3": false,
    "DB 1241.DBD 676": 44759.0390625,
    "DB 1241.DBD 632": 0.0,
    "DB 1241.DBD 612": 100.0,
    "DB 1241.DBW 868": 0,
    "DB 1241.DBW 870": 0,
    "DB 1241.DBD 652": 0.0,
    "DB 1241.DBD 656": 0.0,
    "DB 1241.DBX 762.0": false,
    "DB 1241.DBX 762.3": false,
    "DB 1241.DBX 570.1": true,
    "DB 1241.DBX 570.2": false,
    "DB 1241.DBX 570.3": false,
    "DB 1241.DBX 570.4": false,
    "DB 1241.DBX 570.5": false,
    "DB 1241.DBD 708": 0.011574074625968933,
    "DB 1241.DBX 764.7": false,
    "DB 1241.DBW 104": 0,
    "DB 1241.DBW 124": 0,
    "DB 1241.DBX 938.1": true,
    "DB 1241.DBX 938.3": false,
    "DB 1261.DBD 676": 44759.0390625,
    "DB 1261.DBD 632": 0.0,
    "DB 1261.DBD 612": 100.0,
    "DB 1261.DBW 868": 0,
    "DB 1261.DBW 870": 0,
    "DB 1261.DBD 652": 0.0,
    "DB 1261.DBD 656": 0.0,
    "DB 1261.DBX 762.0": false,
    "DB 1261.DBX 762.3": false,
    "DB 1261.DBX 570.1": true,
    "DB 1261.DBX 570.2": false,
    "DB 1261.DBX 570.3": false,
    "DB 1261.DBX 570.4": false,
    "DB 1261.DBX 570.5": false,
    "DB 1261.DBD 708": 0.0,
    "DB 1261.DBX 764.7": false,
    "DB 1261.DBW 104": 0,
    "DB 1261.DBW 124": 0,
    "DB 1261.DBX 938.1": true,
    "DB 1261.DBX 938.3": false,
    "I 87.7": false,
    "I 88.0": false,
    "I 84.0": false,
    "I 84.1": false,
    "I 6.7": false,
    "I 7.1": false,
    "I 6.1": false,
    "I 304.1": false,
    "DB 1204.DBD 76": 0.0,
    "DB 1224.DBD 76": 0.0,
    "DB 1244.DBD 76": 0.0,
    "DB 1264.DBD 76": 0.0,
    "Q 353.6": false,
    "Q 353.7": false,
    "Q 402.6": true,
    "Q 73.7": false,
    "Q 74.0": false,
    "Q 74.1": false,
    "Q 76.4": false,
    "Q 76.5": false,
    "Q 76.6": false,
    "Q 76.7": false,
    "Q 77.3": false,
    "DB 220.DBW 1720": 399,
    "DB 220.DBW 1722": 348,
    "DB 220.DBW 1766": 1,
    "DB 220.DBW 1768": 4,
    "DB 1101.DBD 724": 2.6938655376434326,
    "DB 201.DBW 412": 0,
    "DB 201.DBW 452": 0,
    "DB 201.DBW 492": 0,
    "DB 201.DBW 532": 0,
    "DB 207.DBX 463.7": false,
    "DB 207.DBX 423.7": false,
    "DB 207.DBX 403.7": false,
    "DB 207.DBX 443.7": false
}